113.85574340820312,85.04991912841797,180,106
86.84825134277344,127.58088684082031,180,84
75.16073608398438,137.62646484375,174,86
95.59170532226562,92.61537170410156,178,102
111.03990173339844,52.31945037841797,178,118
98.39855194091797,39.708740234375,178,120
92.38311004638672,130.6031951904297,172,92
90.42337799072266,142.38522338867188,170,84
138.55740356445312,144.40451049804688,156,88
141.23385620117188,131.97775268554688,160,96
137.46578979492188,99.78472137451172,164,106
112.32943725585938,35.3011474609375,168,124
123.89349365234375,71.60222625732422,168,112
120.93216705322266,111.14732360839844,166,102
113.63978576660156,143.63772583007812,164,90
163.06692504882812,143.4971160888672,150,92
165.392333984375,120.67434692382812,152,102
165.61859130859375,78.82235717773438,156,112
164.827392578125,48.511322021484375,160,122
157.8531494140625,33.2554931640625,168,126
204.262939453125,38.727752685546875,152,130
204.45001220703125,47.94544219970703,146,126
205.41714477539062,72.72718811035156,140,120
207.146484375,96.36048889160156,138,112
206.66995239257812,123.25881958007812,136,100
210.67974853515625,144.23379516601562,134,98
241.13015747070312,138.0449676513672,126,96
246.29898071289062,104.1820068359375,126,110
247.6612548828125,70.9178695678711,128,122
250.87960815429688,43.32589340209961,130,130
246.16372680664062,30.727867126464844,134,136
278.216064453125,32.7759895324707,116,136
284.6112365722656,44.13861846923828,116,134
282.5618896484375,76.8245620727539,112,120
278.4881591796875,104.45292663574219,110,114
283.275390625,122.10821533203125,110,104
291.3973388671875,146.9424285888672,106,96
307.86175537109375,151.37814331054688,100,94
318.7440490722656,114.50245666503906,94,108
319.57135009765625,79.15837860107422,96,122
320.28497314453125,48.968360900878906,96,130
321.45947265625,32.502586364746094,96,136
319.6139221191406,24.02153778076172,96,142
360.8447570800781,35.57115173339844,76,132
360.287353515625,62.96244812011719,80,124
354.7002868652344,92.7274398803711,84,116
345.68975830078125,118.83775329589844,88,106
338.63336181640625,136.8654327392578,90,100
327.3382568359375,149.97080993652344,94,96
345.0548095703125,149.15110778808594,86,94
345.4722595214844,130.5694122314453,86,104
349.141357421875,105.33714294433594,84,112
356.9690856933594,79.44500732421875,80,120
360.7537841796875,33.66004180908203,78,132
364.22027587890625,28.236881256103516,76,134
373.156982421875,26.50855255126953,72,138
371.185791015625,48.52210998535156,72,130
369.1256103515625,70.08699035644531,70,126
348.1420593261719,30.370803833007812,86,134
336.4981689453125,45.29186248779297,90,130
341.751953125,56.796730041503906,88,128
342.3095703125,76.7664566040039,84,122
342.51739501953125,96.20472717285156,88,114
335.4579162597656,121.96759033203125,90,104
333.59027099609375,144.7823028564453,90,98
331.9088134765625,152.17501831054688,94,94
357.59417724609375,153.702392578125,84,94
358.12811279296875,123.12551879882812,84,106
356.94439697265625,98.1916275024414,84,114
361.2864685058594,74.07524871826172,80,124
361.45257568359375,50.61896514892578,76,128
358.25567626953125,30.7376708984375,76,132
357.89923095703125,23.845123291015625,76,138
385.4461669921875,26.59296417236328,64,134
383.5302734375,46.140159606933594,70,126
384.41864013671875,79.69794464111328,72,118
380.69293212890625,110.54592895507812,74,108
365.599609375,123.07888793945312,80,102
369.2598876953125,145.2269287109375,76,94
372.08551025390625,154.26763916015625,76,90
403.98797607421875,148.97938537597656,68,94
398.51873779296875,121.16667175292969,68,108
400.1949768066406,89.13932800292969,68,116
401.6857604980469,76.70242309570312,64,118
398.53729248046875,51.91932678222656,64,124
397.12481689453125,29.09558868408203,64,132
396.2144470214844,24.557579040527344,64,136
420.8563232421875,28.402366638183594,54,128
421.0336608886719,54.81603240966797,58,122
407.42388916015625,93.9512939453125,68,110
407.2332458496094,108.7759017944336,68,106
400.65997314453125,122.42718505859375,68,104
401.881103515625,133.39678955078125,68,98
401.0987854003906,140.38421630859375,66,96
403.0038757324219,153.29769897460938,72,90
439.6697998046875,154.88648986816406,56,90
439.3255615234375,137.27969360351562,56,98
441.13629150390625,123.32357788085938,56,104
440.108154296875,97.3080062866211,52,110
440.489990234375,76.69034576416016,52,116
447.52874755859375,54.31315612792969,48,118
446.38385009765625,36.946571350097656,48,128
448.67657470703125,23.03742790222168,44,126
465.2376708984375,24.98177719116211,38,126
466.8457946777344,43.86292266845703,44,120
452.8990478515625,60.346343994140625,44,118
451.9821472167969,84.37417602539062,48,114
453.5498352050781,104.16870880126953,50,108
454.9257507324219,122.07550048828125,48,100
439.3936767578125,79.586669921875,60,116
460.8759765625,99.23011016845703,54,108
453.51043701171875,118.97573852539062,56,102
451.6144104003906,135.09213256835938,60,96
437.9288024902344,146.74496459960938,62,92
447.98779296875,113.68489074707031,58,106
450.602294921875,137.95411682128906,58,98
446.4593200683594,153.5996856689453,60,92
456.0145568847656,155.30657958984375,54,90
456.0145568847656,155.30657958984375,48,98
471.1319274902344,128.47653198242188,48,98
475.25048828125,107.52371978759766,48,108
487.37677001953125,70.98397064208984,42,114
492.88372802734375,46.63907241821289,40,122
509.2808837890625,34.94509506225586,36,126
504.9359130859375,28.69802474975586,30,126
505.12750244140625,27.938766479492188,26,126
521.853515625,33.60688400268555,26,126
522.3134765625,49.54216003417969,28,116
518.4361572265625,88.08660125732422,34,108
507.091796875,118.8472900390625,34,100
501.58111572265625,136.83517456054688,40,92
495.6718444824219,148.30770874023438,42,88
528.6920166015625,148.74252319335938,30,88
538.5718994140625,127.5860595703125,28,100
552.9693603515625,84.103271484375,18,106
561.3842163085938,47.16278076171875,16,118
559.6593017578125,43.915626525878906,16,116
572.57275390625,47.53538513183594,14,112
560.4921875,77.4625473022461,18,106
552.2359619140625,115.12905883789062,22,100
545.08837890625,131.4791259765625,22,92
538.0299072265625,142.38595581054688,26,88
574.723388671875,139.9879150390625,12,84
597.7613525390625,106.38619995117188,8,96
587.9390258789062,141.82858276367188,12,84
605.455810546875,98.86619567871094,12,100
609.6151123046875,44.233924865722656,8,110
615.821533203125,45.975677490234375,2,112
614.069580078125,79.28678894042969,8,100
610.793212890625,115.17023468017578,10,96
607.9339599609375,115.99299621582031,10,94
606.814697265625,139.30514526367188,10,86
606.177978515625,148.70413208007812,10,82
577.303955078125,132.5567169189453,18,90
570.7506103515625,74.50135803222656,18,104
561.6146240234375,71.89002227783203,20,108
